[
  {
    "img": "http://cdn.tigerb.cn/WechatIMG129.jpeg",
    "content": "Youth is not a time of life, it is a state of mind, it is not a matter of rosy cheeks, red lips and supple knees, it is a matter of the will, a quality of the imagination, a vigor of the emotions, it is the freshness of the deep springs of life.",
    "avatar": "http://cdn.tigerb.cn/2623124159-59fd8c6c56254_huge256.jpeg",
    "nickname": "TIGERB",
    "date": "2017-11-12"
  },
  {
    "img": "http://cdn.tigerb.cn/WechatIMG122.jpeg",
    "content": "Youth is not a time of life, it is a state of mind, it is not a matter of rosy cheeks, red lips and supple knees, it is a matter of the will, a quality of the imagination, a vigor of the emotions, it is the freshness of the deep springs of life.",
    "avatar": "http://cdn.tigerb.cn/2623124159-59fd8c6c56254_huge256.jpeg",
    "nickname": "TIGERB",
    "date": "2017-11-12"
  },
  {
    "img": "http://cdn.tigerb.cn/WechatIMG123.jpeg",
    "content": "Youth is not a time of life, it is a state of mind, it is not a matter of rosy cheeks, red lips and supple knees, it is a matter of the will, a quality of the imagination, a vigor of the emotions, it is the freshness of the deep springs of life.",
    "avatar": "http://cdn.tigerb.cn/2623124159-59fd8c6c56254_huge256.jpeg",
    "nickname": "TIGERB",
    "date": "2017-11-12"
  },
  {
    "img": "http://cdn.tigerb.cn/WechatIMG127.jpeg",
    "content": "Youth is not a time of life, it is a state of mind, it is not a matter of rosy cheeks, red lips and supple knees, it is a matter of the will, a quality of the imagination, a vigor of the emotions, it is the freshness of the deep springs of life.",
    "avatar": "http://cdn.tigerb.cn/2623124159-59fd8c6c56254_huge256.jpeg",
    "nickname": "TIGERB",
    "date": "2017-11-12"
  },
  {
    "img": "http://cdn.tigerb.cn/WechatIMG133.jpeg",
    "content": "Youth is not a time of life, it is a state of mind, it is not a matter of rosy cheeks, red lips and supple knees, it is a matter of the will, a quality of the imagination, a vigor of the emotions, it is the freshness of the deep springs of life.",
    "avatar": "http://cdn.tigerb.cn/2623124159-59fd8c6c56254_huge256.jpeg",
    "nickname": "TIGERB",
    "date": "2017-11-12"
  },
  {
    "img": "http://cdn.tigerb.cn/WechatIMG132.jpeg",
    "content": "Youth is not a time of life, it is a state of mind, it is not a matter of rosy cheeks, red lips and supple knees, it is a matter of the will, a quality of the imagination, a vigor of the emotions, it is the freshness of the deep springs of life.",
    "avatar": "http://cdn.tigerb.cn/2623124159-59fd8c6c56254_huge256.jpeg",
    "nickname": "TIGERB",
    "date": "2017-11-12"
  },
  {
    "img": "http://cdn.tigerb.cn/WechatIMG135.jpeg",
    "content": "Youth is not a time of life, it is a state of mind, it is not a matter of rosy cheeks, red lips and supple knees, it is a matter of the will, a quality of the imagination, a vigor of the emotions, it is the freshness of the deep springs of life.",
    "avatar": "http://cdn.tigerb.cn/2623124159-59fd8c6c56254_huge256.jpeg",
    "nickname": "TIGERB",
    "date": "2017-11-12"
  },
  {
    "img": "http://cdn.tigerb.cn/WechatIMG131.jpeg",
    "content": "Youth is not a time of life, it is a state of mind, it is not a matter of rosy cheeks, red lips and supple knees, it is a matter of the will, a quality of the imagination, a vigor of the emotions, it is the freshness of the deep springs of life.",
    "avatar": "http://cdn.tigerb.cn/2623124159-59fd8c6c56254_huge256.jpeg",
    "nickname": "TIGERB",
    "date": "2017-11-12"
  },
  {
    "img": "http://cdn.tigerb.cn/WechatIMG126.jpeg",
    "content": "Youth is not a time of life, it is a state of mind, it is not a matter of rosy cheeks, red lips and supple knees, it is a matter of the will, a quality of the imagination, a vigor of the emotions, it is the freshness of the deep springs of life.",
    "avatar": "http://cdn.tigerb.cn/2623124159-59fd8c6c56254_huge256.jpeg",
    "nickname": "TIGERB",
    "date": "2017-11-12"
  },
  {
    "img": "http://cdn.tigerb.cn/WechatIMG125.jpeg",
    "content": "Youth is not a time of life, it is a state of mind, it is not a matter of rosy cheeks, red lips and supple knees, it is a matter of the will, a quality of the imagination, a vigor of the emotions, it is the freshness of the deep springs of life.",
    "avatar": "http://cdn.tigerb.cn/2623124159-59fd8c6c56254_huge256.jpeg",
    "nickname": "TIGERB",
    "date": "2017-11-12"
  },
  {
    "img": "http://cdn.tigerb.cn/WechatIMG128.jpeg",
    "content": "Youth is not a time of life, it is a state of mind, it is not a matter of rosy cheeks, red lips and supple knees, it is a matter of the will, a quality of the imagination, a vigor of the emotions, it is the freshness of the deep springs of life.",
    "avatar": "http://cdn.tigerb.cn/2623124159-59fd8c6c56254_huge256.jpeg",
    "nickname": "TIGERB",
    "date": "2017-11-12"
  },
  {
    "img": "http://cdn.tigerb.cn/WechatIMG124.jpeg",
    "content": "Youth is not a time of life, it is a state of mind, it is not a matter of rosy cheeks, red lips and supple knees, it is a matter of the will, a quality of the imagination, a vigor of the emotions, it is the freshness of the deep springs of life.",
    "avatar": "http://cdn.tigerb.cn/2623124159-59fd8c6c56254_huge256.jpeg",
    "nickname": "TIGERB",
    "date": "2017-11-12"
  },
  {
    "img": "http://cdn.tigerb.cn/WechatIMG131.jpeg",
    "content": "Youth is not a time of life, it is a state of mind, it is not a matter of rosy cheeks, red lips and supple knees, it is a matter of the will, a quality of the imagination, a vigor of the emotions, it is the freshness of the deep springs of life.",
    "avatar": "http://cdn.tigerb.cn/2623124159-59fd8c6c56254_huge256.jpeg",
    "nickname": "TIGERB",
    "date": "2017-11-12"
  },
  {
    "img": "http://cdn.tigerb.cn/WechatIMG134.jpeg",
    "content": "Youth is not a time of life, it is a state of mind, it is not a matter of rosy cheeks, red lips and supple knees, it is a matter of the will, a quality of the imagination, a vigor of the emotions, it is the freshness of the deep springs of life.",
    "avatar": "http://cdn.tigerb.cn/2623124159-59fd8c6c56254_huge256.jpeg",
    "nickname": "TIGERB",
    "date": "2017-11-12"
  }
]
